[
    {
        "name": "Greve Geral", 
        "id": 0
    }, 
    {
        "name": "CP", 
        "id": 1
    }, 
    {
        "name": "Metro de Lisboa", 
        "id": 2
    }, 
    {
        "name": "Soflusa", 
        "id": 3
    }, 
    {
        "name": "Táxis", 
        "id": 4
    }, 
    {
        "name": "Função Pública", 
        "id": 5
    }, 
    {
        "name": "TAP", 
        "id": 6
    }, 
    {
        "name": "Soflusa e Transtejo", 
        "id": 7
    }, 
    {
        "name": "STCP", 
        "id": 9
    }, 
    {
        "name": "Carris", 
        "id": 10
    }, 
    {
        "name": "Aviação", 
        "id": 11
    }, 
    {
        "name": "Soflusa", 
        "id": 13
    }, 
    {
        "name": "Iberia", 
        "id": 14
    }, 
    {
        "name": "NAV Portugal", 
        "id": 15
    }, 
    {
        "name": "Vimeca", 
        "id": 16
    }, 
    {
        "name": "Transtejo", 
        "id": 18
    }, 
    {
        "name": "Metro do Porto", 
        "id": 19
    }, 
    {
        "name": "Transportes Sul do Tejo", 
        "id": 20
    }, 
    {
        "name": "Fertagus", 
        "id": 21
    }, 
    {
        "name": "SATA Air Açores", 
        "id": 22
    }, 
    {
        "name": "SATA Internacional", 
        "id": 23
    }, 
    {
        "name": "Rodoviária de Lisboa", 
        "id": 24
    }, 
    {
        "name": "Refer", 
        "id": 25
    }, 
    {
        "name": "Metro Transportes do Sul", 
        "id": 26
    }, 
    {
        "name": "EasyJet", 
        "id": 27
    }, 
    {
        "name": "SCOTTURB", 
        "id": 28
    }, 
    {
        "name": "Portway", 
        "id": 29
    }, 
    {
        "name": "Barraqueiro Transportes", 
        "id": 30
    }, 
    {
        "name": "Rodoviária do Tejo", 
        "id": 31
    }, 
    {
        "name": "SMTUC", 
        "id": 32
    }, 
    {
        "name": "Transportes Urbanos de Braga", 
        "id": 33
    }, 
    {
        "name": "Groundforce", 
        "id": 34
    }, 
    {
        "name": "T.C.Barreiro", 
        "id": 35
    }, 
    {
        "name": "Transportes Urbanos de Coimbra", 
        "id": 36
    }, 
    {
        "name": "Inspectores do SEF", 
        "id": 37
    }
]