[
    {
        "company": {
            "name": "Transportes Sul do Tejo", 
            "id": 20
        }, 
        "source_link": "http://arquivopessoa.net/textos/3555", 
        "submitter": {
            "last_name": "", 
            "first_name": ""
        }, 
        "end_date": "2015-04-02 03:00:00", 
        "canceled": false, 
        "description": "Greve entre as 3h de dia 1 e as 3h de dia 2.", 
        "all_day": true, 
        "start_date": "2015-04-01 03:00:00", 
        "id": 10000
    }, 
    {
        "company": {
            "name": "Metro de Lisboa", 
            "id": 2
        }, 
        "source_link": "https://www.flickr.com/search/?text=metro%20lisboa", 
        "submitter": {
            "last_name": "", 
            "first_name": ""
        }, 
        "end_date": "2015-04-01 06:30:00", 
        "canceled": false, 
        "description": "Greve parcial.", 
        "all_day": false, 
        "start_date": "2015-04-01 10:00:00", 
        "id": 10001
    }
]
